id,customer_name,account_no,type,amount,date,status
420,Anita Joshi,ACC014,Credit,14500,2025-01-01,Success
14,Anita Joshi,ACC014,Debit,10000,2025-01-01,Success
46,Pooja Patel,ACC012,Credit,14500,2025-01-04,Success
294,Meena Nair,ACC006,Credit,13000,2025-01-06,Success
194,Arjun Singh,ACC005,Debit,3500,2025-01-09,Success
15,Rahul Verma,ACC007,Debit,6500,2025-01-10,Success
442,Kiran Reddy,ACC003,Credit,12500,2025-01-12,Success
58,Sneha Mehta,ACC004,Credit,66500,2025-01-12,Success
125,Kavitha Pillai,ACC010,Credit,67000,2025-01-13,Success
293,Sneha Mehta,ACC004,Credit,46500,2025-01-13,Success
49,Kiran Reddy,ACC003,Credit,81000,2025-01-17,Success
376,Arjun Singh,ACC005,Debit,3000,2025-01-18,Success
405,Anita Joshi,ACC014,Credit,32500,2025-01-20,Success
12,Suresh Iyer,ACC009,Credit,7000,2025-01-22,Success
151,Kiran Reddy,ACC003,Debit,11500,2025-01-23,Success
148,Arjun Singh,ACC005,Credit,85000,2025-01-23,Success
278,Pooja Patel,ACC012,Debit,43000,2025-01-24,Success
302,Arun Sharma,ACC011,Credit,2000,2025-01-26,Success
64,Arjun Singh,ACC005,Debit,46500,2025-01-26,Success
238,Ravi Kumar,ACC001,Debit,45500,2025-01-26,Success
268,Arjun Singh,ACC005,Debit,7000,2025-01-26,Success
428,Priya Shah,ACC002,Debit,2000,2025-01-27,Success
318,Kavitha Pillai,ACC010,Debit,6000,2025-01-28,Success
176,Vikram Menon,ACC013,Credit,199500,2025-01-30,Success
235,Pooja Patel,ACC012,Credit,3500,2025-01-31,Success
385,Priya Shah,ACC002,Debit,20500,2025-02-02,Success
309,Pooja Patel,ACC012,Debit,17500,2025-02-03,Success
104,Arjun Singh,ACC005,Credit,14000,2025-02-03,Failed
305,Anita Joshi,ACC014,Credit,8000,2025-02-04,Success
119,Pooja Patel,ACC012,Credit,8000,2025-02-06,Success
19,Deepa Rao,ACC008,Credit,4000,2025-02-08,Failed
202,Arjun Singh,ACC005,Debit,48500,2025-02-09,Success
446,Kiran Reddy,ACC003,Debit,2500,2025-02-09,Success
366,Ravi Kumar,ACC001,Debit,15000,2025-02-10,Success
269,Sneha Mehta,ACC004,Credit,14000,2025-02-10,Success
491,Anita Joshi,ACC014,Debit,3500,2025-02-11,Success
179,Ravi Kumar,ACC001,Credit,1000,2025-02-13,Success
348,Vikram Menon,ACC013,Debit,9000,2025-02-14,Success
414,Rahul Verma,ACC007,Credit,3000,2025-02-16,Failed
285,Rajesh Gupta,ACC015,Debit,12500,2025-02-16,Success
270,Suresh Iyer,ACC009,Debit,4000,2025-02-16,Success
323,Arjun Singh,ACC005,Debit,19000,2025-02-17,Success
25,Deepa Rao,ACC008,Debit,3500,2025-02-18,Success
3,Sneha Mehta,ACC004,Debit,2000,2025-02-18,Success
193,Meena Nair,ACC006,Credit,28500,2025-02-19,Success
271,Meena Nair,ACC006,Debit,19000,2025-02-19,Success
240,Sneha Mehta,ACC004,Debit,15000,2025-02-19,Success
336,Vikram Menon,ACC013,Debit,21000,2025-02-21,Success
114,Rajesh Gupta,ACC015,Debit,5500,2025-02-22,Success
454,Rajesh Gupta,ACC015,Credit,20000,2025-02-22,Success
299,Arun Sharma,ACC011,Credit,15500,2025-02-22,Success
447,Vikram Menon,ACC013,Debit,11500,2025-02-25,Success
388,Kiran Reddy,ACC003,Debit,3500,2025-02-28,Success
265,Meena Nair,ACC006,Credit,40500,2025-03-03,Success
31,Kavitha Pillai,ACC010,Debit,2500,2025-03-04,Success
340,Anita Joshi,ACC014,Debit,18500,2025-03-04,Success
374,Rajesh Gupta,ACC015,Credit,43000,2025-03-07,Success
250,Kiran Reddy,ACC003,Debit,8000,2025-03-07,Success
345,Deepa Rao,ACC008,Debit,32000,2025-03-08,Success
206,Deepa Rao,ACC008,Debit,1000,2025-03-08,Success
26,Vikram Menon,ACC013,Debit,1500,2025-03-09,Success
85,Deepa Rao,ACC008,Credit,2500,2025-03-12,Success
8,Arjun Singh,ACC005,Credit,9000,2025-03-14,Success
134,Kiran Reddy,ACC003,Credit,3500,2025-03-14,Success
34,Arjun Singh,ACC005,Credit,64000,2025-03-15,Success
177,Meena Nair,ACC006,Credit,3000,2025-03-16,Success
51,Arjun Singh,ACC005,Debit,7500,2025-03-18,Success
171,Anita Joshi,ACC014,Credit,16000,2025-03-18,Success
255,Priya Shah,ACC002,Debit,8000,2025-03-19,Success
404,Priya Shah,ACC002,Credit,29500,2025-03-22,Failed
60,Anita Joshi,ACC014,Credit,3000,2025-03-23,Success
207,Kavitha Pillai,ACC010,Credit,38000,2025-03-25,Success
440,Rajesh Gupta,ACC015,Credit,129000,2025-03-26,Success
434,Meena Nair,ACC006,Credit,2000,2025-03-26,Success
455,Anita Joshi,ACC014,Credit,12500,2025-03-26,Success
121,Deepa Rao,ACC008,Credit,53500,2025-03-27,Success
165,Anita Joshi,ACC014,Credit,15000,2025-03-27,Failed
167,Kiran Reddy,ACC003,Debit,3000,2025-03-31,Success
68,Arjun Singh,ACC005,Credit,47000,2025-04-03,Success
291,Meena Nair,ACC006,Credit,1000,2025-04-04,Success
62,Priya Shah,ACC002,Debit,9000,2025-04-05,Success
173,Arjun Singh,ACC005,Credit,4000,2025-04-05,Success
373,Kavitha Pillai,ACC010,Credit,5500,2025-04-07,Failed
230,Ravi Kumar,ACC001,Credit,12500,2025-04-07,Success
139,Pooja Patel,ACC012,Debit,48000,2025-04-07,Success
168,Ravi Kumar,ACC001,Credit,4500,2025-04-07,Success
116,Priya Shah,ACC002,Debit,3000,2025-04-08,Success
402,Vikram Menon,ACC013,Debit,2000,2025-04-08,Failed
138,Sneha Mehta,ACC004,Debit,9500,2025-04-09,Success
351,Priya Shah,ACC002,Credit,10000,2025-04-09,Success
396,Rajesh Gupta,ACC015,Credit,2500,2025-04-11,Success
426,Rajesh Gupta,ACC015,Debit,15000,2025-04-12,Success
7,Vikram Menon,ACC013,Credit,4000,2025-04-12,Success
93,Ravi Kumar,ACC001,Credit,2500,2025-04-13,Success
347,Pooja Patel,ACC012,Debit,8500,2025-04-13,Success
480,Rahul Verma,ACC007,Debit,6000,2025-04-16,Success
113,Sneha Mehta,ACC004,Credit,2500,2025-04-17,Success
67,Arun Sharma,ACC011,Credit,15500,2025-04-18,Success
257,Meena Nair,ACC006,Debit,1500,2025-04-18,Success
297,Kiran Reddy,ACC003,Credit,37000,2025-04-19,Success
47,Meena Nair,ACC006,Debit,3500,2025-04-19,Success
136,Arjun Singh,ACC005,Debit,4000,2025-04-19,Success
387,Suresh Iyer,ACC009,Credit,30000,2025-04-19,Success
260,Rahul Verma,ACC007,Debit,36000,2025-04-20,Success
74,Kavitha Pillai,ACC010,Debit,1500,2025-04-21,Failed
407,Rahul Verma,ACC007,Credit,19500,2025-04-22,Success
5,Kavitha Pillai,ACC010,Credit,78000,2025-04-22,Success
44,Meena Nair,ACC006,Credit,105500,2025-04-23,Success
456,Meena Nair,ACC006,Debit,1500,2025-04-23,Success
146,Kavitha Pillai,ACC010,Credit,9500,2025-04-25,Failed
201,Vikram Menon,ACC013,Debit,8000,2025-04-25,Success
380,Arun Sharma,ACC011,Debit,18500,2025-04-26,Success
152,Ravi Kumar,ACC001,Credit,154500,2025-04-28,Success
110,Kiran Reddy,ACC003,Debit,4000,2025-04-29,Success
282,Pooja Patel,ACC012,Credit,43500,2025-04-30,Success
191,Kavitha Pillai,ACC010,Credit,1500,2025-05-02,Success
195,Meena Nair,ACC006,Debit,15500,2025-05-04,Success
237,Meena Nair,ACC006,Debit,6500,2025-05-05,Success
27,Rahul Verma,ACC007,Debit,43500,2025-05-06,Success
483,Priya Shah,ACC002,Credit,20500,2025-05-06,Success
417,Kavitha Pillai,ACC010,Debit,32500,2025-05-06,Success
48,Meena Nair,ACC006,Credit,4500,2025-05-07,Failed
200,Kavitha Pillai,ACC010,Credit,66500,2025-05-08,Success
11,Rajesh Gupta,ACC015,Debit,1500,2025-05-11,Success
166,Meena Nair,ACC006,Debit,4500,2025-05-11,Success
192,Arun Sharma,ACC011,Credit,151000,2025-05-11,Success
433,Anita Joshi,ACC014,Credit,51000,2025-05-12,Success
479,Rajesh Gupta,ACC015,Credit,33500,2025-05-12,Success
465,Vikram Menon,ACC013,Debit,14000,2025-05-12,Success
436,Meena Nair,ACC006,Credit,13500,2025-05-13,Success
496,Deepa Rao,ACC008,Credit,23000,2025-05-14,Success
328,Ravi Kumar,ACC001,Debit,3000,2025-05-15,Success
70,Sneha Mehta,ACC004,Debit,11000,2025-05-16,Success
441,Arjun Singh,ACC005,Debit,23500,2025-05-17,Success
81,Meena Nair,ACC006,Credit,28000,2025-05-17,Success
227,Deepa Rao,ACC008,Credit,158000,2025-05-18,Success
247,Rajesh Gupta,ACC015,Credit,22500,2025-05-18,Success
144,Kavitha Pillai,ACC010,Debit,6500,2025-05-18,Success
190,Rajesh Gupta,ACC015,Credit,9000,2025-05-18,Success
411,Rajesh Gupta,ACC015,Credit,30500,2025-05-20,Success
231,Meena Nair,ACC006,Debit,9000,2025-05-22,Success
142,Arjun Singh,ACC005,Debit,5000,2025-05-24,Failed
45,Sneha Mehta,ACC004,Credit,3000,2025-05-24,Success
413,Pooja Patel,ACC012,Credit,6500,2025-05-24,Success
449,Arun Sharma,ACC011,Debit,1000,2025-05-24,Success
298,Pooja Patel,ACC012,Credit,187000,2025-05-25,Success
83,Kiran Reddy,ACC003,Debit,1000,2025-05-25,Success
111,Ravi Kumar,ACC001,Credit,3000,2025-05-25,Failed
184,Kavitha Pillai,ACC010,Credit,2500,2025-05-25,Success
498,Suresh Iyer,ACC009,Credit,139500,2025-05-26,Success
450,Meena Nair,ACC006,Credit,12500,2025-05-26,Success
469,Anita Joshi,ACC014,Debit,1500,2025-05-28,Failed
156,Ravi Kumar,ACC001,Credit,8500,2025-05-29,Success
281,Pooja Patel,ACC012,Credit,11000,2025-05-30,Failed
197,Sneha Mehta,ACC004,Credit,1000,2025-05-31,Success
1,Deepa Rao,ACC008,Debit,10000,2025-05-31,Success
39,Pooja Patel,ACC012,Debit,7000,2025-06-01,Success
358,Pooja Patel,ACC012,Debit,4500,2025-06-03,Success
158,Rajesh Gupta,ACC015,Credit,4500,2025-06-04,Success
245,Ravi Kumar,ACC001,Credit,10000,2025-06-05,Success
65,Priya Shah,ACC002,Credit,5000,2025-06-05,Success
371,Anita Joshi,ACC014,Credit,120000,2025-06-06,Failed
185,Ravi Kumar,ACC001,Credit,62500,2025-06-07,Success
466,Pooja Patel,ACC012,Credit,99500,2025-06-09,Success
133,Pooja Patel,ACC012,Credit,12500,2025-06-11,Success
90,Arjun Singh,ACC005,Credit,38500,2025-06-15,Success
369,Rajesh Gupta,ACC015,Debit,16500,2025-06-16,Success
412,Kavitha Pillai,ACC010,Credit,1000,2025-06-18,Success
241,Meena Nair,ACC006,Credit,41500,2025-06-18,Success
332,Ravi Kumar,ACC001,Debit,11500,2025-06-19,Failed
279,Rajesh Gupta,ACC015,Credit,32000,2025-06-20,Success
462,Meena Nair,ACC006,Credit,12500,2025-06-21,Success
21,Rahul Verma,ACC007,Debit,3000,2025-06-22,Success
170,Anita Joshi,ACC014,Credit,8500,2025-06-23,Success
246,Suresh Iyer,ACC009,Debit,16500,2025-06-25,Success
478,Vikram Menon,ACC013,Credit,4000,2025-06-27,Success
416,Rajesh Gupta,ACC015,Credit,8000,2025-06-27,Success
172,Anita Joshi,ACC014,Credit,18500,2025-06-27,Success
154,Arjun Singh,ACC005,Debit,9000,2025-06-27,Failed
208,Sneha Mehta,ACC004,Credit,44000,2025-06-28,Success
267,Vikram Menon,ACC013,Credit,12000,2025-06-30,Success
92,Kavitha Pillai,ACC010,Credit,6000,2025-07-03,Success
344,Anita Joshi,ACC014,Credit,16000,2025-07-05,Success
342,Rahul Verma,ACC007,Debit,13000,2025-07-05,Success
199,Pooja Patel,ACC012,Credit,7500,2025-07-06,Success
311,Arun Sharma,ACC011,Debit,4000,2025-07-06,Success
339,Kavitha Pillai,ACC010,Credit,126500,2025-07-07,Success
161,Suresh Iyer,ACC009,Credit,6000,2025-07-07,Success
137,Pooja Patel,ACC012,Debit,11500,2025-07-08,Success
448,Suresh Iyer,ACC009,Debit,12500,2025-07-08,Success
71,Arun Sharma,ACC011,Credit,14500,2025-07-09,Success
59,Anita Joshi,ACC014,Debit,7500,2025-07-09,Success
327,Deepa Rao,ACC008,Debit,5000,2025-07-10,Success
264,Anita Joshi,ACC014,Credit,3000,2025-07-10,Success
284,Arun Sharma,ACC011,Credit,19000,2025-07-11,Success
135,Deepa Rao,ACC008,Debit,500,2025-07-12,Success
256,Sneha Mehta,ACC004,Debit,22500,2025-07-14,Failed
357,Deepa Rao,ACC008,Debit,23500,2025-07-15,Success
266,Priya Shah,ACC002,Debit,15500,2025-07-15,Success
147,Vikram Menon,ACC013,Debit,16500,2025-07-15,Success
115,Meena Nair,ACC006,Credit,16000,2025-07-15,Success
216,Kavitha Pillai,ACC010,Debit,41500,2025-07-16,Success
234,Rahul Verma,ACC007,Debit,22500,2025-07-18,Success
484,Sneha Mehta,ACC004,Credit,18500,2025-07-18,Success
23,Vikram Menon,ACC013,Credit,5000,2025-07-19,Success
464,Suresh Iyer,ACC009,Debit,3500,2025-07-19,Success
213,Arun Sharma,ACC011,Credit,2500,2025-07-20,Success
120,Kavitha Pillai,ACC010,Credit,9000,2025-07-22,Success
77,Rahul Verma,ACC007,Debit,2000,2025-07-23,Success
37,Meena Nair,ACC006,Credit,93000,2025-07-24,Success
263,Rahul Verma,ACC007,Debit,1500,2025-07-24,Success
383,Ravi Kumar,ACC001,Credit,30500,2025-07-24,Success
100,Arun Sharma,ACC011,Debit,20500,2025-07-25,Success
355,Kiran Reddy,ACC003,Debit,17000,2025-07-25,Success
322,Arun Sharma,ACC011,Credit,12000,2025-07-29,Failed
435,Ravi Kumar,ACC001,Debit,31500,2025-07-29,Success
292,Anita Joshi,ACC014,Debit,8000,2025-07-29,Success
29,Priya Shah,ACC002,Debit,14000,2025-07-30,Success
367,Ravi Kumar,ACC001,Credit,9000,2025-07-31,Success
97,Rahul Verma,ACC007,Credit,159500,2025-07-31,Success
94,Deepa Rao,ACC008,Debit,19500,2025-08-01,Success
301,Arun Sharma,ACC011,Credit,3500,2025-08-02,Success
391,Pooja Patel,ACC012,Credit,190500,2025-08-02,Success
130,Anita Joshi,ACC014,Debit,17000,2025-08-03,Success
423,Pooja Patel,ACC012,Debit,5500,2025-08-04,Success
361,Rajesh Gupta,ACC015,Debit,23500,2025-08-04,Success
277,Pooja Patel,ACC012,Credit,4000,2025-08-04,Success
499,Deepa Rao,ACC008,Debit,4500,2025-08-05,Success
66,Rahul Verma,ACC007,Credit,2000,2025-08-06,Success
96,Suresh Iyer,ACC009,Credit,77500,2025-08-06,Success
109,Priya Shah,ACC002,Credit,8000,2025-08-07,Success
102,Sneha Mehta,ACC004,Credit,43000,2025-08-07,Success
175,Priya Shah,ACC002,Credit,3000,2025-08-08,Success
313,Pooja Patel,ACC012,Debit,14000,2025-08-08,Success
325,Anita Joshi,ACC014,Credit,19000,2025-08-08,Success
482,Kiran Reddy,ACC003,Debit,8500,2025-08-09,Success
217,Deepa Rao,ACC008,Debit,1500,2025-08-10,Failed
72,Anita Joshi,ACC014,Debit,22000,2025-08-10,Success
393,Deepa Rao,ACC008,Debit,24000,2025-08-12,Success
153,Deepa Rao,ACC008,Credit,48500,2025-08-12,Success
349,Rahul Verma,ACC007,Credit,45500,2025-08-13,Success
50,Rahul Verma,ACC007,Debit,6000,2025-08-15,Success
304,Kiran Reddy,ACC003,Credit,14500,2025-08-15,Success
321,Pooja Patel,ACC012,Credit,4000,2025-08-17,Success
76,Meena Nair,ACC006,Credit,195500,2025-08-18,Success
252,Sneha Mehta,ACC004,Credit,3000,2025-08-20,Success
312,Anita Joshi,ACC014,Credit,13000,2025-08-21,Success
69,Priya Shah,ACC002,Credit,12500,2025-08-22,Success
429,Pooja Patel,ACC012,Debit,4000,2025-08-24,Success
310,Rajesh Gupta,ACC015,Debit,5000,2025-08-25,Success
174,Rahul Verma,ACC007,Credit,26500,2025-08-26,Success
445,Priya Shah,ACC002,Debit,4000,2025-08-27,Success
155,Anita Joshi,ACC014,Debit,8500,2025-08-28,Success
315,Rahul Verma,ACC007,Debit,2500,2025-08-28,Success
214,Suresh Iyer,ACC009,Credit,42500,2025-08-28,Success
356,Kiran Reddy,ACC003,Credit,10500,2025-08-28,Success
316,Sneha Mehta,ACC004,Credit,2500,2025-08-29,Success
308,Ravi Kumar,ACC001,Credit,9500,2025-08-30,Success
419,Meena Nair,ACC006,Credit,142500,2025-09-01,Success
406,Suresh Iyer,ACC009,Debit,4000,2025-09-01,Success
91,Priya Shah,ACC002,Debit,8500,2025-09-02,Success
398,Ravi Kumar,ACC001,Credit,2500,2025-09-02,Success
495,Meena Nair,ACC006,Credit,27500,2025-09-05,Success
183,Arun Sharma,ACC011,Credit,15000,2025-09-06,Success
443,Arjun Singh,ACC005,Credit,12000,2025-09-06,Success
473,Kavitha Pillai,ACC010,Credit,93000,2025-09-08,Success
382,Meena Nair,ACC006,Credit,2500,2025-09-08,Success
424,Kiran Reddy,ACC003,Debit,5000,2025-09-09,Success
189,Kiran Reddy,ACC003,Debit,8500,2025-09-10,Success
186,Deepa Rao,ACC008,Debit,6000,2025-09-10,Success
149,Arun Sharma,ACC011,Debit,2000,2025-09-14,Success
408,Priya Shah,ACC002,Debit,1000,2025-09-14,Success
181,Arjun Singh,ACC005,Debit,23500,2025-09-15,Failed
86,Arjun Singh,ACC005,Credit,21000,2025-09-15,Success
75,Deepa Rao,ACC008,Debit,12500,2025-09-15,Success
395,Arjun Singh,ACC005,Credit,10500,2025-09-17,Success
209,Kiran Reddy,ACC003,Debit,21000,2025-09-17,Failed
233,Pooja Patel,ACC012,Credit,19500,2025-09-19,Success
476,Meena Nair,ACC006,Debit,9500,2025-09-19,Success
307,Rajesh Gupta,ACC015,Debit,45500,2025-09-20,Success
422,Rahul Verma,ACC007,Credit,11500,2025-09-21,Success
38,Sneha Mehta,ACC004,Credit,4000,2025-09-21,Success
98,Priya Shah,ACC002,Credit,2000,2025-09-21,Success
470,Vikram Menon,ACC013,Credit,101000,2025-09-22,Success
389,Rajesh Gupta,ACC015,Debit,7500,2025-09-23,Success
163,Pooja Patel,ACC012,Credit,17500,2025-09-23,Success
132,Ravi Kumar,ACC001,Debit,8000,2025-09-24,Failed
444,Meena Nair,ACC006,Credit,114500,2025-09-24,Success
286,Ravi Kumar,ACC001,Credit,93000,2025-09-25,Success
223,Meena Nair,ACC006,Credit,3000,2025-09-25,Success
272,Arjun Singh,ACC005,Credit,2000,2025-09-26,Failed
63,Arjun Singh,ACC005,Credit,133000,2025-09-28,Success
283,Ravi Kumar,ACC001,Credit,142500,2025-09-29,Success
468,Rahul Verma,ACC007,Debit,12500,2025-10-01,Success
401,Sneha Mehta,ACC004,Debit,2500,2025-10-01,Success
118,Arun Sharma,ACC011,Credit,11000,2025-10-02,Success
242,Deepa Rao,ACC008,Credit,31500,2025-10-03,Success
210,Ravi Kumar,ACC001,Debit,1000,2025-10-03,Success
338,Sneha Mehta,ACC004,Debit,2500,2025-10-04,Success
262,Arjun Singh,ACC005,Debit,45000,2025-10-04,Success
314,Vikram Menon,ACC013,Debit,4000,2025-10-06,Success
253,Rahul Verma,ACC007,Debit,2500,2025-10-06,Success
335,Arjun Singh,ACC005,Credit,7000,2025-10-07,Success
24,Deepa Rao,ACC008,Debit,7000,2025-10-08,Success
296,Anita Joshi,ACC014,Credit,9000,2025-10-08,Success
164,Pooja Patel,ACC012,Debit,18500,2025-10-09,Success
82,Arjun Singh,ACC005,Credit,42500,2025-10-09,Success
221,Sneha Mehta,ACC004,Debit,3500,2025-10-09,Success
73,Meena Nair,ACC006,Credit,40500,2025-10-10,Success
394,Rahul Verma,ACC007,Credit,3000,2025-10-10,Success
409,Meena Nair,ACC006,Credit,2500,2025-10-13,Success
57,Deepa Rao,ACC008,Debit,24500,2025-10-15,Failed
254,Rajesh Gupta,ACC015,Credit,17500,2025-10-17,Success
204,Kavitha Pillai,ACC010,Credit,3500,2025-10-17,Success
377,Pooja Patel,ACC012,Credit,13500,2025-10-17,Failed
16,Vikram Menon,ACC013,Debit,23500,2025-10-17,Success
108,Vikram Menon,ACC013,Credit,72500,2025-10-18,Success
232,Kavitha Pillai,ACC010,Debit,1500,2025-10-18,Success
497,Kavitha Pillai,ACC010,Credit,31000,2025-10-20,Success
229,Vikram Menon,ACC013,Debit,1000,2025-10-21,Success
343,Kavitha Pillai,ACC010,Credit,174000,2025-10-22,Success
126,Vikram Menon,ACC013,Debit,24000,2025-10-23,Success
10,Deepa Rao,ACC008,Debit,2500,2025-10-23,Success
452,Sneha Mehta,ACC004,Credit,6500,2025-10-24,Success
212,Vikram Menon,ACC013,Debit,4000,2025-10-25,Success
228,Vikram Menon,ACC013,Debit,22000,2025-10-25,Success
488,Rajesh Gupta,ACC015,Debit,9500,2025-10-27,Success
418,Suresh Iyer,ACC009,Credit,128500,2025-10-29,Success
500,Deepa Rao,ACC008,Credit,150500,2025-10-30,Success
368,Ravi Kumar,ACC001,Credit,149000,2025-10-30,Success
392,Arun Sharma,ACC011,Debit,25000,2025-10-31,Success
331,Rajesh Gupta,ACC015,Credit,4500,2025-11-01,Success
432,Rahul Verma,ACC007,Credit,160500,2025-11-01,Success
222,Vikram Menon,ACC013,Credit,136500,2025-11-02,Success
6,Meena Nair,ACC006,Credit,14000,2025-11-03,Failed
188,Ravi Kumar,ACC001,Credit,170500,2025-11-04,Success
453,Arjun Singh,ACC005,Credit,75500,2025-11-04,Failed
290,Suresh Iyer,ACC009,Debit,7500,2025-11-04,Success
381,Priya Shah,ACC002,Debit,3000,2025-11-05,Success
362,Arun Sharma,ACC011,Debit,3000,2025-11-06,Success
122,Pooja Patel,ACC012,Debit,3500,2025-11-08,Success
276,Priya Shah,ACC002,Debit,31500,2025-11-09,Success
236,Kiran Reddy,ACC003,Debit,13000,2025-11-10,Success
487,Rajesh Gupta,ACC015,Debit,1000,2025-11-10,Success
437,Rajesh Gupta,ACC015,Debit,19500,2025-11-11,Success
225,Arjun Singh,ACC005,Debit,5000,2025-11-13,Success
324,Deepa Rao,ACC008,Credit,7000,2025-11-20,Success
330,Sneha Mehta,ACC004,Debit,29000,2025-11-21,Success
273,Vikram Menon,ACC013,Debit,3500,2025-11-21,Success
274,Kavitha Pillai,ACC010,Credit,43500,2025-11-21,Success
459,Rahul Verma,ACC007,Credit,116500,2025-11-22,Success
53,Deepa Rao,ACC008,Debit,17500,2025-11-22,Success
78,Priya Shah,ACC002,Credit,141500,2025-11-22,Success
182,Deepa Rao,ACC008,Credit,2500,2025-11-23,Success
492,Ravi Kumar,ACC001,Credit,137000,2025-11-24,Success
458,Arun Sharma,ACC011,Credit,14000,2025-11-24,Success
489,Vikram Menon,ACC013,Debit,4000,2025-11-25,Success
400,Arjun Singh,ACC005,Credit,6000,2025-11-26,Success
28,Meena Nair,ACC006,Credit,9500,2025-11-27,Success
461,Anita Joshi,ACC014,Credit,42000,2025-11-28,Success
486,Priya Shah,ACC002,Credit,13000,2025-11-30,Success
218,Vikram Menon,ACC013,Debit,15000,2025-12-02,Success
403,Sneha Mehta,ACC004,Credit,12500,2025-12-03,Success
334,Kavitha Pillai,ACC010,Debit,2500,2025-12-04,Success
226,Deepa Rao,ACC008,Debit,18000,2025-12-04,Success
275,Arjun Singh,ACC005,Credit,126000,2025-12-05,Success
421,Kiran Reddy,ACC003,Debit,1000,2025-12-07,Success
112,Deepa Rao,ACC008,Credit,2000,2025-12-08,Success
61,Vikram Menon,ACC013,Debit,13500,2025-12-08,Success
106,Ravi Kumar,ACC001,Credit,67000,2025-12-08,Success
261,Kavitha Pillai,ACC010,Credit,4500,2025-12-11,Success
259,Pooja Patel,ACC012,Credit,4500,2025-12-12,Success
88,Meena Nair,ACC006,Credit,11500,2025-12-12,Success
178,Ravi Kumar,ACC001,Debit,6500,2025-12-12,Success
346,Sneha Mehta,ACC004,Debit,28500,2025-12-12,Success
203,Arjun Singh,ACC005,Credit,16500,2025-12-15,Success
460,Deepa Rao,ACC008,Credit,130500,2025-12-18,Success
463,Rahul Verma,ACC007,Debit,21500,2025-12-20,Success
354,Deepa Rao,ACC008,Debit,41000,2025-12-20,Success
438,Rajesh Gupta,ACC015,Debit,10500,2025-12-22,Success
248,Arun Sharma,ACC011,Credit,36500,2025-12-22,Success
157,Priya Shah,ACC002,Credit,32500,2025-12-25,Success
300,Kavitha Pillai,ACC010,Credit,5500,2025-12-26,Success
467,Priya Shah,ACC002,Credit,6500,2025-12-26,Success
169,Rajesh Gupta,ACC015,Debit,13000,2025-12-27,Success
40,Priya Shah,ACC002,Debit,5000,2025-12-27,Success
129,Kavitha Pillai,ACC010,Debit,9000,2025-12-28,Success
20,Ravi Kumar,ACC001,Debit,2500,2025-12-29,Success
105,Priya Shah,ACC002,Credit,100000,2025-12-29,Success
320,Anita Joshi,ACC014,Credit,5000,2025-12-30,Success
451,Ravi Kumar,ACC001,Credit,14500,2025-12-31,Success
287,Anita Joshi,ACC014,Debit,42000,2026-01-01,Success
159,Kiran Reddy,ACC003,Debit,4500,2026-01-02,Success
84,Kavitha Pillai,ACC010,Debit,9000,2026-01-03,Success
17,Vikram Menon,ACC013,Debit,2000,2026-01-03,Success
365,Suresh Iyer,ACC009,Credit,4000,2026-01-05,Success
35,Arjun Singh,ACC005,Debit,21500,2026-01-06,Success
390,Suresh Iyer,ACC009,Credit,3500,2026-01-07,Success
353,Suresh Iyer,ACC009,Debit,16000,2026-01-09,Success
333,Arun Sharma,ACC011,Debit,18500,2026-01-09,Success
107,Anita Joshi,ACC014,Debit,38000,2026-01-10,Success
431,Suresh Iyer,ACC009,Credit,31500,2026-01-11,Success
303,Sneha Mehta,ACC004,Credit,7500,2026-01-11,Success
145,Priya Shah,ACC002,Credit,1000,2026-01-12,Success
196,Suresh Iyer,ACC009,Credit,15500,2026-01-12,Success
375,Suresh Iyer,ACC009,Debit,5500,2026-01-12,Success
33,Kiran Reddy,ACC003,Debit,23000,2026-01-12,Success
372,Priya Shah,ACC002,Credit,11500,2026-01-13,Success
258,Kavitha Pillai,ACC010,Debit,6000,2026-01-14,Success
410,Meena Nair,ACC006,Debit,14000,2026-01-14,Success
477,Vikram Menon,ACC013,Debit,19500,2026-01-15,Success
295,Suresh Iyer,ACC009,Credit,37000,2026-01-15,Failed
244,Meena Nair,ACC006,Credit,11000,2026-01-16,Failed
9,Arun Sharma,ACC011,Debit,25000,2026-01-16,Success
289,Vikram Menon,ACC013,Debit,41500,2026-01-16,Success
79,Ravi Kumar,ACC001,Debit,4500,2026-01-17,Success
239,Anita Joshi,ACC014,Debit,34000,2026-01-17,Success
198,Deepa Rao,ACC008,Credit,3500,2026-01-18,Success
140,Rahul Verma,ACC007,Debit,47500,2026-01-18,Success
127,Sneha Mehta,ACC004,Debit,24000,2026-01-18,Failed
150,Rahul Verma,ACC007,Debit,8500,2026-01-19,Success
493,Priya Shah,ACC002,Debit,41000,2026-01-19,Success
143,Rahul Verma,ACC007,Debit,7500,2026-01-19,Success
457,Kiran Reddy,ACC003,Credit,95500,2026-01-21,Success
386,Kavitha Pillai,ACC010,Credit,66000,2026-01-21,Success
474,Pooja Patel,ACC012,Debit,2000,2026-01-22,Success
87,Anita Joshi,ACC014,Debit,1000,2026-01-23,Failed
317,Kiran Reddy,ACC003,Debit,1500,2026-01-26,Success
187,Pooja Patel,ACC012,Credit,2500,2026-01-26,Success
288,Priya Shah,ACC002,Debit,2500,2026-01-28,Success
439,Priya Shah,ACC002,Debit,12000,2026-01-28,Success
359,Priya Shah,ACC002,Credit,6000,2026-01-29,Success
56,Arjun Singh,ACC005,Credit,6000,2026-01-30,Success
350,Pooja Patel,ACC012,Debit,6000,2026-01-30,Success
490,Kavitha Pillai,ACC010,Credit,47000,2026-02-02,Success
180,Arun Sharma,ACC011,Debit,2000,2026-02-03,Success
224,Ravi Kumar,ACC001,Debit,1500,2026-02-06,Success
42,Ravi Kumar,ACC001,Credit,45000,2026-02-07,Success
430,Sneha Mehta,ACC004,Debit,19500,2026-02-08,Success
128,Deepa Rao,ACC008,Debit,14000,2026-02-08,Success
494,Anita Joshi,ACC014,Credit,4000,2026-02-09,Success
54,Arjun Singh,ACC005,Debit,29000,2026-02-09,Success
471,Deepa Rao,ACC008,Debit,29000,2026-02-10,Success
22,Kavitha Pillai,ACC010,Credit,10000,2026-02-10,Failed
352,Kiran Reddy,ACC003,Credit,12000,2026-02-10,Success
370,Priya Shah,ACC002,Credit,61000,2026-02-13,Success
364,Meena Nair,ACC006,Debit,9000,2026-02-14,Success
36,Deepa Rao,ACC008,Credit,11000,2026-02-17,Success
117,Rahul Verma,ACC007,Debit,2000,2026-02-17,Success
306,Suresh Iyer,ACC009,Credit,5500,2026-02-19,Failed
141,Anita Joshi,ACC014,Debit,9500,2026-02-19,Success
363,Meena Nair,ACC006,Credit,43000,2026-02-19,Failed
101,Vikram Menon,ACC013,Debit,45000,2026-02-20,Success
13,Rajesh Gupta,ACC015,Credit,5000,2026-02-20,Success
2,Vikram Menon,ACC013,Debit,8500,2026-02-20,Success
280,Rajesh Gupta,ACC015,Credit,3500,2026-02-21,Success
425,Priya Shah,ACC002,Credit,8000,2026-02-23,Success
205,Kavitha Pillai,ACC010,Credit,187000,2026-02-23,Success
18,Vikram Menon,ACC013,Debit,2000,2026-02-24,Success
52,Meena Nair,ACC006,Debit,5500,2026-02-24,Success
319,Arun Sharma,ACC011,Credit,6000,2026-02-26,Success
89,Rahul Verma,ACC007,Credit,4000,2026-02-27,Failed
215,Anita Joshi,ACC014,Credit,49500,2026-02-28,Success
32,Suresh Iyer,ACC009,Credit,26500,2026-02-28,Success
243,Suresh Iyer,ACC009,Debit,3500,2026-02-28,Failed
397,Vikram Menon,ACC013,Credit,9000,2026-03-01,Success
384,Vikram Menon,ACC013,Debit,12000,2026-03-01,Success
472,Anita Joshi,ACC014,Credit,2500,2026-03-02,Success
55,Meena Nair,ACC006,Credit,7500,2026-03-03,Success
95,Arjun Singh,ACC005,Credit,71000,2026-03-03,Failed
399,Kiran Reddy,ACC003,Debit,34000,2026-03-03,Success
43,Suresh Iyer,ACC009,Credit,10500,2026-03-05,Success
211,Rajesh Gupta,ACC015,Credit,62000,2026-03-05,Success
337,Arun Sharma,ACC011,Debit,2500,2026-03-06,Success
80,Vikram Menon,ACC013,Debit,7000,2026-03-07,Success
329,Anita Joshi,ACC014,Debit,9500,2026-03-07,Failed
131,Sneha Mehta,ACC004,Debit,34500,2026-03-07,Success
485,Vikram Menon,ACC013,Credit,1500,2026-03-10,Success
220,Kiran Reddy,ACC003,Credit,6500,2026-03-11,Success
219,Ravi Kumar,ACC001,Credit,55000,2026-03-11,Success
378,Kavitha Pillai,ACC010,Debit,24500,2026-03-12,Success
326,Kavitha Pillai,ACC010,Debit,20000,2026-03-12,Failed
415,Kavitha Pillai,ACC010,Debit,16500,2026-03-13,Success
4,Priya Shah,ACC002,Credit,47000,2026-03-13,Success
41,Priya Shah,ACC002,Debit,28000,2026-03-14,Success
360,Kavitha Pillai,ACC010,Credit,6000,2026-03-14,Success
481,Ravi Kumar,ACC001,Credit,10000,2026-03-15,Success
124,Suresh Iyer,ACC009,Debit,12500,2026-03-16,Success
160,Ravi Kumar,ACC001,Credit,162000,2026-03-17,Failed
99,Arjun Singh,ACC005,Credit,4500,2026-03-19,Success
475,Vikram Menon,ACC013,Debit,28000,2026-03-22,Failed
249,Suresh Iyer,ACC009,Credit,42000,2026-03-23,Success
103,Ravi Kumar,ACC001,Debit,5000,2026-03-24,Success
162,Priya Shah,ACC002,Credit,1500,2026-03-24,Success
251,Priya Shah,ACC002,Credit,6500,2026-03-25,Success
341,Pooja Patel,ACC012,Debit,18000,2026-03-27,Failed
379,Kiran Reddy,ACC003,Debit,20000,2026-03-27,Success
30,Kavitha Pillai,ACC010,Credit,1500,2026-03-30,Failed
123,Priya Shah,ACC002,Debit,7000,2026-03-30,Success
427,Sneha Mehta,ACC004,Credit,196500,2026-03-31,Success
501,Test User,ACC001,Credit,ABC,2026-01-15,Success
502,Test User 2,ACC002,Debit,XYZ,2026-02-10,Success
